loss,cer
0.0003673122674710547,1.104394035962389
