loss,cer
0.0002356293316720226,0.7688928146937096
0.00012757012019037558,0.631140460076475
9.810809097802882e-05,0.5589512426881234
8.021739077977224e-05,0.5109238758371889
6.784873466520849e-05,0.4756470568918148
