loss,cer
0.0002356293316720226,0.7724411593472629
0.00012757012019037558,0.6325858371979796
9.810809097802882e-05,0.559764828104746
8.021739077977224e-05,0.5114722168792183
6.784873466520849e-05,0.47596755496888493
